{"cameraMode":{"drawMode":0,"name":"Shaded","section":"Shading Mode"},"sceneLighting":false,"audioPlay":false,"sceneViewState":{"m_AlwaysRefresh":false,"showFog":true,"showSkybox":false,"showFlares":true,"showImageEffects":true,"showParticleSystems":true,"showVisualEffectGraphs":true,"m_FxEnabled":true},"in2DMode":false,"pivot":{"x":-0.010023504495620728,"y":-0.008763700723648072,"z":0.08061568439006806},"rotation":{"x":-0.07568002492189408,"y":-0.7339670658111572,"z":0.08292282372713089,"w":-0.6698811650276184},"size":0.48999226093292239,"orthographic":false}