{"cameraMode":{"drawMode":0,"name":"Shaded","section":"Shading Mode"},"sceneLighting":true,"audioPlay":false,"sceneViewState":{"m_AlwaysRefresh":false,"showFog":true,"showSkybox":false,"showFlares":true,"showImageEffects":true,"showParticleSystems":true,"showVisualEffectGraphs":true,"m_FxEnabled":true},"in2DMode":false,"pivot":{"x":-2.9502807308290359e-8,"y":0.14000000059604646,"z":0.949999988079071},"rotation":{"x":0.17586548626422883,"y":-0.25286856293678286,"z":0.04680353030562401,"w":0.9502682685852051},"size":0.8660253882408142,"orthographic":false}