{"cameraMode":{"drawMode":0,"name":"Shaded","section":"Shading Mode"},"sceneLighting":true,"audioPlay":false,"sceneViewState":{"m_AlwaysRefresh":false,"showFog":true,"showSkybox":false,"showFlares":true,"showImageEffects":true,"showParticleSystems":true,"showVisualEffectGraphs":true,"m_FxEnabled":true},"in2DMode":false,"pivot":{"x":0.015764188021421434,"y":0.08592639118432999,"z":0.9799776673316956},"rotation":{"x":0.11058390885591507,"y":0.17147187888622285,"z":-0.019368018954992296,"w":0.9788097739219666},"size":0.268962562084198,"orthographic":false}