{"cameraMode":{"drawMode":0,"name":"Shaded","section":"Shading Mode"},"sceneLighting":false,"audioPlay":false,"sceneViewState":{"m_AlwaysRefresh":false,"showFog":true,"showSkybox":false,"showFlares":true,"showImageEffects":true,"showParticleSystems":true,"showVisualEffectGraphs":true,"m_FxEnabled":true},"in2DMode":false,"pivot":{"x":0.2676265239715576,"y":1.2057952880859376,"z":0.6433489322662354},"rotation":{"x":-0.05216801166534424,"y":0.9278239011764526,"z":-0.14194466173648835,"w":-0.3409964442253113},"size":0.9486563205718994,"orthographic":false}